"Identifier","Days","Species","Total.sitings","Total.herds","Mean.herd.size","Sd.herd.size","Min.herd.size","Med.herd.size","Max.herd.size","Upper.herd.size","Mean.distance.from.herd","Sd.distance.from.herd","Min.distance.from.herd","Med.distance.from.herd","Max.distance.from.herd","Upper.distance.from.herd","Mean.distance.from.opp.herd","Sd.distance.from.opp.herd","Min.distance.from.opp.herd","Med.distance.from.opp.herd","Max.distance.from.opp.herd","Upper.distance.from.opp.herd","Mean.distance.from.mob","Sd.distance.from.mob","Min.distance.from.mob","Med.distance.from.mob","Max.distance.from.mob","Upper.distance.from.mob","Mean.cattle.density","Sd.cattle.density","Min.cattle.density","Med.cattle.density","Max.cattle.density","Upper.cattle.density","Mean.distance.to.water","Sd.distance.to.water","Min.distance.to.water","Med.distance.to.water","Max.distance.to.water","Upper.distance.to.water","Mean.midday.distance.to.water","Sd.midday.distance.to.water","Min.midday.distance.to.water","Med.midday.distance.to.water","Max.midday.distance.to.water","Upper.midday.distance.to.water","Mean.NDVI","Sd.NDVI","Min.NDVI","Med.NDVI","Max.NDVI","Upper.NDVI","Mean.EVI","Sd.EVI","Min.EVI","Med.EVI","Max.EVI","Upper.EVI","Mean.X.cover","Sd.X.cover","Min.X.cover","Med.X.cover","Max.X.cover","Upper.X.cover","Mean.X.green","Sd.X.green","Min.X.green","Med.X.green","Max.X.green","Upper.X.green","Mean.grass.height","Sd.grass.height","Mean.density","Sd.density","Total.cattle","X.Standing","X.Grazing","X.Walking","X.Drinking","X.Resting","X.light","X.medium","X.open grassland","X.thick","X.OG","X.MB","X.LB","X.hock","X.hoof","X.belly","X.Lh","X.Combined","Exp.1","Exp.2","Random.NDVI"
"PZ1",2,"PZ",238,36,13.2222222222222,9.65008720201719,1,11,36,17,321.185905194964,228.195421754417,21.746990767871,265.791495302931,857.914366350648,450.452666246376,NA,NA,NA,NA,NA,NA,NA,NA,NA,NA,NA,NA,0,0,0,0,0,0,3909.88563455642,902.420448727559,2519.92913431776,3857.72378448008,5851.40099170994,4185.26669308242,3961.65693691373,816.069484962513,2664.94166567868,3905.98642077242,5851.40099170994,4182.15303094398,0.306877777777778,0.0320039989331399,0.2533,0.29815,0.3761,0.32775,0.149566666666667,0.0230690523531113,0.1197,0.1441,0.2022,0.1548,0.798831908831909,0.127594069156315,0.52,0.833333333333333,1,0.846153846153846,0.406691724650946,0.129827358733263,0.175,0.447368421052632,0.56,0.525641025641026,14.5267521367521,9.73658824838439,20.1419422424076,13.2749772465832,0,0.222222222222222,0.388888888888889,0.333333333333333,0.0555555555555556,0,0.5,0.333333333333333,0.0555555555555556,0.111111111111111,0.666666666666667,0.222222222222222,0.111111111111111,0.5,0.222222222222222,0.277777777777778,0,0.333333333333333,"Before","Before",0.35410766375
"GZ1",1,"GZ",120,36,6.66666666666667,5.48795472456028,1,5.5,20,8,369.105879061177,308.857723104349,21.746990767871,305.226155659735,1233.02425595879,472.222582432539,NA,NA,NA,NA,NA,NA,NA,NA,NA,NA,NA,NA,0,0,0,0,0,0,2794.96143106662,1169.76889973542,494.692452965441,3030.59578695622,4542.79720798622,3703.5425514124,2763.11339391876,1340.186501172,494.692452965441,2790.69776701274,4542.79720798622,3807.33824390847,0.338244444444444,0.0533203550385583,0.2739,0.3249,0.456,0.3761,0.154677777777778,0.0305452712342065,0.1003,0.1463,0.2126,0.1762,0.823739316239316,0.113950805327253,0.52,0.836666666666666,1,0.88,0.38394897506113,0.137122421320582,0.122448979591837,0.422314347512618,0.541095890410959,0.505882352941176,11.8133262108262,9.06375244048182,17.7546180960292,14.1127002704183,0,0.111111111111111,0.555555555555556,0.222222222222222,0.111111111111111,0,0.611111111111111,0.388888888888889,0,0,0.333333333333333,0.444444444444444,0.222222222222222,0.388888888888889,0.222222222222222,0.333333333333333,0,0.333333333333333,"Before","Before",0.356427844374999
"PZ2",5,"PZ",134,27,8.375,3.63088602593545,2,7.5,16,9.25,467.945818774735,406.918638011613,67.155807156563,342.989057914369,1627.96757173272,621.866440464767,NA,NA,NA,NA,NA,NA,NA,NA,NA,NA,NA,NA,0,0,0,0,0,0,3635.78209772087,1724.2091053213,547.73149495243,3880.19269426997,6260.08484852193,4646.15556871274,3320.1349252979,1697.81351078775,547.73149495243,3854.52534879899,5833.14489813037,4537.86844234162,0.3388875,0.0546814273771269,0.2728,0.32755,0.4487,0.374325,0.16094375,0.0275504136387581,0.1115,0.16085,0.2057,0.17345,0.831708472686734,0.0838416514411504,0.68,0.833333333333333,1,0.852222222222222,0.444886703707578,0.0980040135404891,0.258278145695364,0.454152960526316,0.573170731707317,0.521739130434783,12.1973550724638,6.70649901930429,8.11690209768666,4.55379719781178,0,0.125,0.625,0.125,0,0.125,0.125,0.625,0.1875,0,0.625,0.25,0.125,0.375,0.375,0.25,0,0.125,"Before","Before",0.347147121875
"GZ2",5,"GZ",65,27,5.90909090909091,5.75246982529323,1,4,21,8,655.742395083534,593.928159153167,67.155807156563,498.599508541223,1953.42500546756,814.40390216943,NA,NA,NA,NA,NA,NA,NA,NA,NA,NA,NA,NA,0,0,0,0,0,0,3326.22298322396,1501.77358116089,833.022555196043,3128.32358077389,6260.08484852193,4089.11851080911,2294.50345068755,1264.70870688638,833.022555196043,2241.43785504739,3862.11553745938,2883.4804789519,0.353672727272727,0.0453781685595417,0.2854,0.3577,0.4487,0.3725,0.164972727272727,0.027845397857064,0.1344,0.1543,0.2149,0.1789,0.811064491064491,0.104931873955075,0.6,0.833333333333333,1,0.863076923076923,0.416946657895403,0.118708368453065,0.267605633802817,0.48936170212766,0.56,0.521739130434783,7.5290934990935,3.76738102209991,6.56875856033822,4.36275657102798,0,0.181818181818182,0.454545454545455,0.181818181818182,0.0909090909090909,0.0909090909090909,0.0909090909090909,0.545454545454545,0.363636363636364,0,0.454545454545455,0.545454545454545,0,0.363636363636364,0.545454545454545,0.0909090909090909,0,0.181818181818182,"Before","Before",0.347147121875
"PZ3",7,"PZ",29,10,9.66666666666667,6.02771377334171,4,9,16,12.5,1616.57280665901,995.162894538819,1033.97377041636,1050.09440544822,2765.65024411245,1907.87232478034,NA,NA,NA,NA,NA,NA,1606.35566614986,603.073415147653,910.033675252053,1947.49471016528,1961.53861303226,1954.51666159877,10.6103295394597,9.18881492369652,0,15.9154943091895,15.9154943091895,15.9154943091895,2950.03456110492,1599.2062386257,1106.40106650998,3781.17470246085,3962.52791434394,3871.8513084024,3781.17470246085,NA,3781.17470246085,3781.17470246085,3781.17470246085,3781.17470246085,0.324666666666667,0.0392097351857078,0.2981,0.3062,0.3697,0.33795,0.1618,0.00401497197997694,0.1572,0.1636,0.1646,0.1641,0.819259259259259,0.163983337505442,0.68,0.777777777777778,1,0.888888888888889,0.563271279709636,0.0452980588930216,0.533333333333333,0.541095890410959,0.615384615384615,0.578240252897787,12.0074691358025,6.28635457031512,4.45633840657307,1.38748062660507,550,0.333333333333333,0.666666666666667,0,0,0,0.333333333333333,0.333333333333333,0.333333333333333,0,0.333333333333333,0,0.666666666666667,0.666666666666667,0.333333333333333,0,0,0.666666666666667,"Before","Before",0.342506760625
"CT1",7,"Cattle",550,3,275,106.066017177982,200,275,350,312.5,NA,NA,NA,NA,NA,NA,NA,NA,NA,NA,NA,NA,NA,NA,NA,NA,NA,NA,14.5892031167571,13.9733447789266,0,15.9154943091895,27.8521150410817,21.8838046751356,1787.88547326466,815.669390645289,882.750304073973,2014.92190933221,2465.9842063878,2240.45305786001,882.750304073973,NA,882.750304073973,882.750304073973,882.750304073973,882.750304073973,0.390633333333333,0.0594982632799759,0.3298,0.3934,0.4487,0.42105,0.1781,0.0249345142322845,0.1572,0.1714,0.2057,0.18855,0.819710144927536,0.15642831350264,0.72,0.739130434782609,1,0.869565217391304,0.411912837907288,0.078020328939716,0.333333333333333,0.41304347826087,0.48936170212766,0.451202590194265,6.03478260869565,1.12449946857276,58.3568124670284,55.8933791157065,550,0.333333333333333,0.333333333333333,0.333333333333333,0,0,0.666666666666667,0.333333333333333,0,0,0,1,0,0.333333333333333,0.666666666666667,0,0,0,"Before","Before",0.342506760625
"GZ3",7,"GZ",52,10,7.42857142857143,7.63450812336422,1,3,18,14,801.506508823832,392.70773440396,227.462008448281,1033.97377041636,1050.09440544822,1042.03408793229,NA,NA,NA,NA,NA,NA,1130.90923932759,814.21841060778,0,1048.76139721717,1947.49471016528,1891.30644210516,16.483904820232,12.4618954426374,0,15.9154943091895,27.8521150410817,27.8521150410817,1577.65145521596,1424.77449320906,144.798419967956,991.40975463662,3962.52791434394,2161.61960293706,513.774362020965,521.810781440754,144.798419967956,513.774362020965,882.750304073973,698.262333047469,0.367314285714286,0.0641950784347063,0.2963,0.3697,0.4487,0.4196,0.174614285714286,0.0234561597149113,0.143,0.1681,0.2057,0.19185,0.791037851037851,0.114289745084048,0.68,0.777777777777778,1,0.83974358974359,0.464681754211479,0.177969662025496,0.122448979591837,0.525641025641026,0.615384615384615,0.574358974358974,6.96592999593,2.01924413631454,4.31991988392287,2.45777795424867,550,0.142857142857143,0.714285714285714,0.142857142857143,0,0,0.857142857142857,0.142857142857143,0,0,0.428571428571429,0.142857142857143,0.428571428571429,0.285714285714286,0.571428571428571,0,0,0.285714285714286,"Before","Before",0.342506760625
"PZ4",9,"PZ",75,19,7.5,3.40750805004348,3,8,15,8,956.153154330596,789.627490359977,190.505402607956,668.432806195714,2840.37333430659,1271.75648559181,NA,NA,NA,NA,NA,NA,1183.30760074303,863.90674341364,380.592055853684,1079.28104740295,3515.71554252064,1182.00340787627,17.5627479701906,6.6884064005327,0,19.0588044352545,26.2605656101627,19.0985931710274,2006.50097380504,1885.61331233264,285.000558105035,959.605082344465,5602.45267321244,3550.46116664206,1948.05909271025,2127.34124218738,380.974100607793,878.482782984391,5602.45267321244,2000.48265188148,0.3093,0.0219708898317751,0.2748,0.3018,0.3391,0.327075,0.1707,0.0132875881934985,0.1584,0.16385,0.2004,0.1789,0.811504273504274,0.112992359554028,0.68,0.777777777777778,1,0.842948717948718,0.408764357257082,0.13801722513857,0.175,0.457506290187307,0.541666666666667,0.526811594202898,7.97909686609687,2.05129168774996,5.06112719032227,2.7564402736584,1009,0.2,0.3,0.3,0,0.2,0.6,0.1,0.3,0,0.4,0.5,0.1,0.2,0.7,0,0,0.2,"Before","Before",0.337866399375001
"CT2",9,"Cattle",1009,5,201.8,70.7191628909732,80,239,250,240,NA,NA,NA,NA,NA,NA,NA,NA,NA,NA,NA,NA,NA,NA,NA,NA,NA,NA,21.3108468800048,4.69722835860836,15.9154943091895,19.0985931710274,26.2605656101627,26.2605656101627,2863.75171018152,2226.94803128377,426.33364951968,3230.19147466942,5557.36411161413,4329.02139186169,2552.43465755219,2512.47305439262,775.847923242693,2552.43465755219,4329.02139186169,3440.72802470694,0.29628,0.0155466073469423,0.2716,0.2971,0.3121,0.3064,0.16258,0.012577638888122,0.1405,0.1671,0.1704,0.1703,0.794333333333333,0.0741582392215755,0.666666666666667,0.833333333333333,0.84,0.84,0.474179581632998,0.033681366570214,0.442307692307692,0.474747474747475,0.521739130434783,0.489795918367347,9.86866666666667,1.59431951697965,64.234935031889,22.5106086908386,1009,0,1,0,0,0,0.4,0.6,0,0,0.4,0.4,0.2,0.2,0.6,0.2,0,0,"Before","Before",0.337866399375001
"GZ4",9,"GZ",62,19,6.88888888888889,5.06074215022966,2,5,19,8,858.505744139711,397.066016110952,190.505402607956,698.974846500758,1431.96691829721,1161.3224846415,NA,NA,NA,NA,NA,NA,975.749622556853,489.124122885356,237.921310185572,1084.92906078412,1886.05441577285,1222.5649056474,19.8678420626382,7.6567216706338,6.36619772367581,19.0985931710274,34.934510008671,19.0985931710274,1849.54785791501,1283.00100340606,380.974100607793,1451.88425538986,4563.65864548366,2467.73445994273,868.184270039018,482.143410542013,380.974100607793,878.482782984391,1345.09592652487,1111.78935475463,0.304766666666667,0.0188413109947265,0.2734,0.3013,0.3391,0.312,0.161455555555556,0.00899070507678779,0.1447,0.1604,0.1797,0.1634,0.754757834757835,0.0940283986987578,0.6,0.8,0.846153846153846,0.833333333333333,0.457737061980659,0.109915266624751,0.269230769230769,0.507246376811594,0.541666666666667,0.541666666666667,7.38531339031339,1.67528927446939,4.81001605788839,3.2361505095352,1009,0,0.444444444444444,0.333333333333333,0,0,0.444444444444444,0.222222222222222,0.222222222222222,0,0.333333333333333,0.222222222222222,0.444444444444444,0.111111111111111,0.444444444444444,0.111111111111111,0,0.222222222222222,"Before","Before",0.337866399375001
"PZ5",12,"PZ",44,9,11,10.4562580942387,3,8,25,16,709.483838696509,328.125010352109,318.227468125739,729.774761740213,1060.15836317987,926.262618926744,NA,NA,NA,NA,NA,NA,1297.51424139452,599.033991576456,700.533074197983,1231.81938329466,2025.88512479078,1655.949284023,9.5492965855137,6.3661977236758,0,12.7323954473516,12.7323954473516,12.7323954473516,1531.8435769303,622.495888648915,977.707324266833,1455.273750465,2239.11948252438,1962.04269621846,1419.23018009046,710.746814407466,977.707324266833,1040.86373348018,2239.11948252438,1639.99160800228,0.328775,0.0198622548233242,0.3059,0.3275,0.3542,0.3359,0.1738,0.00957949198374666,0.1622,0.17395,0.1851,0.17865,0.803076923076923,0.0497409462686446,0.76,0.803076923076923,0.846153846153846,0.846153846153846,0.390604144713734,0.142604007138768,0.215384615384615,0.420091324200913,0.506849315068493,0.506849315068493,7.30307692307693,1.87812025711807,11.8570432603462,12.405580781275,160,0,0.25,0.75,0,0,0.5,0.25,0.25,0,0,1,0,0,1,0,0,0.5,"Before","Before",0.330905857500001
"CT3",12,"Cattle",160,1,160,NA,160,160,160,160,NA,NA,NA,NA,NA,NA,NA,NA,NA,NA,NA,NA,NA,NA,NA,NA,NA,NA,12.7323954473516,NA,12.7323954473516,12.7323954473516,12.7323954473516,12.7323954473516,338.671822269594,NA,338.671822269594,338.671822269594,338.671822269594,338.671822269594,338.671822269594,NA,338.671822269594,338.671822269594,338.671822269594,338.671822269594,0.297,NA,0.297,0.297,0.297,0.297,0.1642,NA,0.1642,0.1642,0.1642,0.1642,0.88,NA,0.88,0.88,0.88,0.88,0.415094339622642,NA,0.415094339622642,0.415094339622642,0.415094339622642,0.415094339622642,4.36,NA,50.9295817894065,NA,160,0,1,0,0,0,0,0,1,0,0,1,0,0,1,0,0,0,"Before","Before",0.330905857500001
"GZ5",12,"GZ",34,9,6.8,6.22093240599832,1,4,14,13,489.105633363606,244.87012989874,318.227468125739,349.523707086128,881.630704175702,577.918819304723,NA,NA,NA,NA,NA,NA,809.833569934098,622.63702773598,156.107194064843,700.533074197983,1798.11963526329,931.001429488914,12.7323954473516,0,12.7323954473516,12.7323954473516,12.7323954473516,12.7323954473516,1082.49053792101,614.840212285564,491.05234071043,977.707324266833,2113.75613541392,1040.86373348018,1155.84488346784,684.226265295661,491.05234071043,1009.28552887351,2113.75613541392,1309.08683396361,0.32142,0.0220957461969493,0.297,0.3252,0.3542,0.3252,0.1724,0.0102888288935136,0.1597,0.1765,0.1851,0.1765,0.794461538461538,0.112368792652276,0.6,0.846153846153846,0.88,0.846153846153846,0.416081466254383,0.104336150531472,0.3,0.459016393442623,0.506849315068493,0.506849315068493,6.31446153846154,0.939523107027738,18.3346494441863,9.53761808179016,160,0.2,0.2,0.4,0,0.2,0.2,0.2,0.6,0,0,1,0,0,1,0,0,0.4,"Before","Before",0.330905857500001
"PZ6",13,"PZ",154,23,14,12.2392810246354,2,13,47,14.5,863.823779557828,519.870884661626,317.413030442311,602.625043185409,1742.67784047584,1411.50054489063,NA,NA,NA,NA,NA,NA,1369.97691052993,1326.90846997378,0,659.944324454314,3927.57264415368,1996.60957734033,25.0307319589981,17.7204704479076,0,29.4436644720006,41.3802852038928,39.7887357729738,2218.01946775838,1474.92973183408,489.692844382577,1614.67530059703,4766.28649415341,2980.05005841906,2184.78874684785,1544.25393817031,489.692844382577,1934.2943208704,4512.43403288928,3070.44647922486,0.302218181818182,0.0112295875420087,0.2873,0.2994,0.3246,0.3063,0.160636363636364,0.00892325867912309,0.1483,0.1574,0.1776,0.1652,0.825081585081585,0.106593528807892,0.6,0.84,0.961538461538462,0.863076923076923,0.442325332279542,0.109164427706564,0.275,0.4609375,0.615384615384615,0.514492753623188,8.03203962703963,3.27779481325268,9.86760647169752,8.6636443164666,1170,0.0909090909090909,0.363636363636364,0.454545454545455,0,0.0909090909090909,0.909090909090909,0.0909090909090909,0,0,0.272727272727273,0.181818181818182,0.545454545454545,0.181818181818182,0.818181818181818,0,0,0.363636363636364,"During","Before",0.328585676875001
"CT4",13,"Cattle",1170,6,195,59.5818764390649,150,175,300,215,NA,NA,NA,NA,NA,NA,NA,NA,NA,NA,NA,NA,NA,NA,NA,NA,NA,NA,40.5845104884333,7.59954437293004,29.4436644720006,39.7887357729738,53.3169059357849,40.982397846163,1358.24588668811,1065.89163232075,524.670578902012,892.980085062572,3243.43249172157,1750.33587331261,730.319548120725,228.768174978145,524.670578902012,674.779014051534,1047.04958547782,815.945334854949,0.311016666666667,0.0145657703766971,0.2958,0.3083,0.3291,0.32315,0.164733333333333,0.0100476199503498,0.1541,0.16135,0.1779,0.1728,0.847948717948718,0.0996296891026483,0.68,0.863076923076923,0.961538461538462,0.91,0.432083818841744,0.0905339488860505,0.307692307692308,0.459976946721312,0.525641025641026,0.494646139705882,7.94179487179487,1.97827452559531,115.122075503137,50.546834858188,1170,0,0.5,0.333333333333333,0.166666666666667,0,0.833333333333333,0.166666666666667,0,0,0.166666666666667,0.333333333333333,0.5,0.333333333333333,0.666666666666667,0,0,0,"During","Before",0.328585676875001
"GZ6",13,"GZ",64,23,5.33333333333333,4.65800061152526,1,3,13,8.75,586.145718557237,453.188577284312,227.109901731097,436.629821859312,1602.04011249482,579.037906044745,NA,NA,NA,NA,NA,NA,1685.20908844022,1617.32261770215,0,932.67573938112,4907.87244246444,2188.15009445879,23.0774667483248,19.2008057957912,0,29.4436644720006,53.3169059357849,39.7887357729738,2244.21467466525,1927.0956861551,395.680061308023,1495.41979769651,5873.72855983873,3062.39453518873,1909.13283181511,2127.58500694429,395.680061308023,993.405869125867,5873.72855983873,2375.70391403121,0.300916666666667,0.0122441699175443,0.2845,0.29965,0.3314,0.303625,0.163475,0.0131707751549337,0.1464,0.16175,0.1872,0.1717,0.758888888888889,0.0999730603443387,0.6,0.8,0.88,0.833333333333333,0.381852539133577,0.104604079088071,0.269230769230769,0.353846153846154,0.541666666666667,0.471073889284866,8.27944444444445,6.1282615448665,14.1117382874814,9.11231283288416,1170,0.166666666666667,0.25,0.416666666666667,0,0.166666666666667,0.75,0.25,0,0,0.166666666666667,0.333333333333333,0.5,0.416666666666667,0.5,0.0833333333333333,0,0.333333333333333,"During","Before",0.328585676875001
"PZ7",15,"PZ",81,16,11.5714285714286,12.2455045201241,2,5,35,14.5,919.012224980382,638.383179830315,327.013528092606,487.240383640608,1821.80974647765,1456.13266108672,NA,NA,NA,NA,NA,NA,910.685543640838,941.116813311209,0,719.690464753511,2542.07706362728,1357.75753313366,34.6048319122664,31.0818177229258,0,31.990143561471,66.845076098596,65.2535266676771,2633.16180901173,1208.45650403927,1064.21394765744,2785.43385984319,4469.01834858619,3240.98518683012,1815.74806666752,888.109844510521,1187.7595731756,1815.74806666752,2443.73656015944,2129.74231341348,0.311628571428571,0.0157715687536903,0.2913,0.3144,0.3335,0.3223,0.164114285714286,0.0146719038268645,0.1493,0.1585,0.1919,0.1695,0.83032967032967,0.0826852795377754,0.68,0.84,0.96,0.846153846153846,0.426793009922065,0.131440302535308,0.275,0.447368421052632,0.615384615384615,0.516245170354759,8.46527472527473,4.59674559925331,4.95653965629046,3.64256094511508,1842,0,0.571428571428571,0,0,0.428571428571429,0.571428571428571,0.285714285714286,0.142857142857143,0,0.428571428571429,0.285714285714286,0.285714285714286,0,0.857142857142857,0,0,0.428571428571429,"During","After",0.323945315625002
"CT5",15,"Cattle",1842,9,230.25,73.0200559533377,100,240,300,300,NA,NA,NA,NA,NA,NA,NA,NA,NA,NA,NA,NA,NA,NA,NA,NA,NA,NA,49.3910840061848,20.1554199470012,12.8915503904435,50.9295817894065,71.6197243913529,66.845076098596,1965.19641043042,1317.37791909481,349.928570430933,2443.73656015944,3948.66937618918,2469.36338878231,2645.00468520199,1226.37031028442,800.395980469773,2469.36338878231,3948.66937618918,3562.85812040923,0.311077777777778,0.0186929651057408,0.2827,0.3065,0.3382,0.3252,0.167577777777778,0.00671226075509917,0.1576,0.1671,0.1765,0.1738,0.80710351377018,0.124035532953085,0.6,0.846153846153846,0.96,0.888888888888889,0.49738605520954,0.118205595607546,0.325,0.48936170212766,0.74,0.56,7.98940804051916,4.03343994307648,91.3903050998795,39.3909109339713,1842,0,0.666666666666667,0.222222222222222,0,0.111111111111111,0.555555555555556,0.444444444444444,0,0,0.333333333333333,0.444444444444444,0.222222222222222,0.222222222222222,0.777777777777778,0,0,0,"During","After",0.323945315625002
"GZ7",15,"GZ",32,16,3.55555555555556,2.87711275027201,1,3,9,5,710.248281985522,566.510820076399,127.20331509656,397.516210837762,1626.25617404497,1231.20536252991,NA,NA,NA,NA,NA,NA,549.301551879446,650.007467276583,0,374.700462131087,1741.49045825145,693.296484872128,45.3061071334929,31.1902069914249,0,50.9295817894065,95.4929658551372,66.845076098596,2329.93840516869,980.196142212926,800.395980469773,2500.78048981722,4013.24714115425,2785.43385984319,2267.75731988201,1346.23753883185,800.395980469773,2128.69307895201,4013.24714115425,2836.11420540814,0.312,0.012607041683123,0.2963,0.3146,0.3335,0.3181,0.164,0.00774709623020135,0.1529,0.1616,0.1765,0.1684,0.711794871794872,0.167671134866606,0.52,0.72,0.96,0.846153846153846,0.370463864339981,0.0940185538930872,0.275,0.325,0.506849315068493,0.459016393442623,6.39401709401709,3.57143138761982,4.77464829275687,3.37993542182001,1842,0,0.444444444444444,0.333333333333333,0,0.222222222222222,0.333333333333333,0.444444444444444,0.222222222222222,0,0.333333333333333,0.555555555555556,0.111111111111111,0.111111111111111,0.888888888888889,0,0,0.333333333333333,"During","After",0.323945315625002
"PZ8",19,"PZ",89,16,9.88888888888889,10.9138036958299,1,7,30,8,660.159086570191,356.148239985297,411.052862716237,464.977289914871,1452.77025473859,685.096360573509,NA,NA,NA,NA,NA,NA,736.858434259514,402.083753971511,152.336746211703,728.877456833349,1413.38141588251,940.950596128342,25.6062619552294,14.2897397592301,7.95774715459477,30.398594130552,42.1760599193523,39.9478907160657,3454.17881586896,952.11762694989,2113.78417300952,3587.45821126329,4763.63012753482,4111.37498769723,3519.79345877139,1170.40891975732,2263.558871563,3716.32873714151,4579.49276760967,4147.91075237559,0.298244444444444,0.022717290282465,0.269,0.2885,0.3309,0.3144,0.157311111111111,0.00907819426489162,0.1462,0.1574,0.174,0.1622,0.794105660844791,0.0655456087393347,0.68,0.833333333333333,0.846153846153846,0.833333333333333,0.381938034104482,0.115527433201617,0.258278145695364,0.41304347826087,0.525641025641026,0.477777777777778,17.3568648581692,12.2280347042211,9.44319329011913,5.93372659596922,1132,0.111111111111111,0.555555555555556,0.333333333333333,0,0,0.555555555555556,0.333333333333333,0,0,0.555555555555556,0.333333333333333,0.111111111111111,0.222222222222222,0.555555555555556,0.222222222222222,0,0.444444444444444,"After","After",0.314664593125002
"CT6",19,"Cattle",1132,8,141.5,40.2953382628101,100,135,220,160.5,NA,NA,NA,NA,NA,NA,NA,NA,NA,NA,NA,NA,NA,NA,NA,NA,NA,NA,30.8760589598277,14.5959673561851,7.95774715459477,36.2873270249521,42.1760599193523,42.1760599193523,3160.36384771277,962.503474462382,1776.05141341665,3117.75791915314,4617.12295316667,3710.71185266601,2665.05918287224,1257.24684461916,1776.05141341665,2665.05918287224,3554.06695232784,3109.56306760004,0.298375,0.0168924116522352,0.274,0.2987,0.3266,0.304775,0.1581625,0.00721247678877177,0.1475,0.15845,0.167,0.16185,0.758611111111111,0.111282011426013,0.6,0.78,0.888888888888889,0.845,0.395580520155928,0.10933050402754,0.258278145695364,0.408508158508158,0.56,0.475021533161068,9.30490740740741,9.91190759833339,74.4845133670072,37.5274107128281,1132,0,1,0,0,0,0.375,0.5,0,0.125,0.375,0.625,0,0.375,0.5,0.125,0,0,"After","After",0.314664593125002
"GZ8",19,"GZ",40,16,5.71428571428571,3.72890894294322,1,5,12,7.5,719.949885993333,423.704802732952,411.052862716237,464.977289914871,1402.39696567877,961.612027649454,NA,NA,NA,NA,NA,NA,910.908919006531,444.224696566729,508.555596014004,872.315738044232,1780.50212527319,1026.6327615159,21.5086537378476,15.9857463758076,7.95774715459477,11.9366207318922,42.1760599193523,36.2873270249521,4281.83051131124,909.771191975189,2774.40271868486,4131.60015476137,5466.25118091741,4886.42789998814,4473.41821010749,749.887363255986,3716.32873714151,4355.54646118552,5466.25118091741,4801.18237093661,0.295242857142857,0.022898315596193,0.269,0.2889,0.3288,0.3097,0.163885714285714,0.0179183731191784,0.1462,0.166,0.1976,0.16905,0.725714285714286,0.110112977095652,0.56,0.68,0.84,0.833333333333333,0.366630635604301,0.0941290195617344,0.258278145695364,0.4,0.474747474747475,0.441401495392106,16.1766666666667,11.9555212334286,7.32112738222719,6.38209337319817,1132,0,1,0,0,0,0.714285714285714,0.142857142857143,0,0,0.571428571428571,0.285714285714286,0.142857142857143,0.285714285714286,0.428571428571429,0.285714285714286,0,0.571428571428571,"After","After",0.314664593125002
"PZ9",21,"PZ",95,21,8.63636363636364,5.08473651771116,1,8,20,9,469.084805689486,311.012559997651,215.225022932659,239.556181888517,1077.06446319069,705.623119792293,NA,NA,NA,NA,NA,NA,1224.3711324398,734.097236457089,0,1497.15183659292,2030.89796532898,1756.29278289669,13.9260575205409,10.2759754319115,0,13.5281701628111,40.1866231307036,14.3239448782706,2349.32741413353,2016.35182993995,456.175323497974,2010.88160089947,6168.79722330707,2691.6831178479,3654.89534410402,1884.14981162666,2010.88160089947,2691.6831178479,6168.79722330707,5170.82006002172,0.313390909090909,0.0200088707600131,0.2958,0.3045,0.3563,0.31585,0.170481818181818,0.0141496161207164,0.1576,0.1641,0.2004,0.173,0.780606060606061,0.104709313836165,0.64,0.76,1,0.84,0.4155092627737,0.0842187023879308,0.215384615384615,0.4375,0.541666666666667,0.442307692307692,10.7536363636364,6.83928983554181,9.60717111027442,2.83212876433881,915,0,0.636363636363636,0.363636363636364,0,0,0.909090909090909,0.0909090909090909,0,0,0.272727272727273,0.545454545454545,0.181818181818182,0.0909090909090909,0.909090909090909,0,0,0.636363636363636,"After","After",0.310024231875003
"CT7",21,"Cattle",915,8,114.375,42.5472426502924,50,102.5,170,147.5,NA,NA,NA,NA,NA,NA,NA,NA,NA,NA,NA,NA,NA,NA,NA,NA,NA,NA,20.4911989230815,9.80866411846954,7.95774715459477,20.0933115653518,32.2288759761088,28.0510587199466,2438.69353802706,1527.64513707886,590.654882278551,2437.71456591443,4855.65616188716,3027.51214794089,4535.06922756159,453.378390442827,4214.48229323603,4535.06922756159,4855.65616188716,4695.36269472438,0.3149625,0.014898316060165,0.2917,0.32195,0.3306,0.325525,0.1727875,0.0117678056578106,0.1635,0.1685,0.2002,0.173275,0.72,0.109021623019079,0.64,0.66,0.92,0.78,0.423573876345499,0.0570929198168878,0.333333333333333,0.413019079685746,0.505882352941176,0.455018440463646,7.315,3.16158640106965,54.5105680089741,24.7842626646764,915,0,0.75,0.25,0,0,1,0,0,0,0.125,0.25,0.625,0.25,0.75,0,0,0,"After","After",0.310024231875003
"GZ9",21,"GZ",56,21,5.6,3.59629438913631,1,5.5,11,8.75,686.601796649929,468.927144849024,215.225022932659,705.623119792293,1572.20196364873,1015.44147550786,NA,NA,NA,NA,NA,NA,1285.66700729607,707.461445264779,0,1405.49351971016,2030.89796532898,1897.00761355041,13.0904940693084,10.4977435025812,0,12.3345080896219,40.1866231307036,14.1250011994057,2214.67565976465,1849.51231120265,456.175323497974,1617.51875777815,6168.79722330707,2719.72091970572,3587.37286122507,1699.30374267082,2010.88160089947,2770.71638155531,6168.79722330707,4419.73456620654,0.31245,0.015659803461233,0.2958,0.30535,0.3451,0.32325,0.17078,0.0127559833455172,0.1585,0.1665,0.1931,0.1752,0.798666666666667,0.101631141334184,0.666666666666667,0.8,1,0.84,0.363885553052264,0.127434591018779,0.122448979591837,0.415620094191523,0.541666666666667,0.441105769230769,9.749,5.75796733038472,8.43521198387046,4.401049072622,915,0.1,0.6,0.3,0,0,0.9,0.1,0,0,0.3,0.5,0.2,0.2,0.8,0,0,0.7,"After","After",0.310024231875003
"PZ10",23,"PZ",25,5,8.33333333333333,4.04145188432738,4,9,12,10.5,626.311467420855,876.1425503946,120.470330102048,120.470330102048,1637.99374205847,879.232036080259,NA,NA,NA,NA,NA,NA,1296.57168863321,1125.80257044809,597.687533452493,696.749771933505,2595.27776051364,1646.01376622357,19.3638514095139,16.7695872357462,0,29.0457771142709,29.0457771142709,29.0457771142709,4522.00034733935,1142.24863076278,3805.82741422856,3920.89226538592,5839.28136240358,4880.08681389475,5839.28136240358,NA,5839.28136240358,5839.28136240358,5839.28136240358,5839.28136240358,0.283066666666667,0.0162235425642285,0.2737,0.2737,0.3018,0.28775,0.157066666666667,0.0209000797446645,0.145,0.145,0.1812,0.1631,0.822222222222222,0.0192450089729873,0.8,0.833333333333333,0.833333333333333,0.833333333333333,0.273062623446032,0.0256074666275286,0.258278145695364,0.258278145695364,0.302631578947368,0.280454862321366,27.7533333333333,9.52050593893693,5.94178454209743,4.04307856642648,365,0.333333333333333,0.333333333333333,0,0,0.333333333333333,0.333333333333333,0.666666666666667,0,0,0.333333333333333,0,0.666666666666667,0,1,0,0,0,"After","After",0.305383870625003
"CT8",23,"Cattle",365,2,182.5,229.809703885628,20,182.5,345,263.75,NA,NA,NA,NA,NA,NA,NA,NA,NA,NA,NA,NA,NA,NA,NA,NA,NA,NA,29.0457771142709,0,29.0457771142709,29.0457771142709,29.0457771142709,29.0457771142709,3052.50135593171,633.745174510229,2604.37584549128,3052.50135593171,3500.62686637215,3276.56411115193,NA,NA,NA,NA,NA,NA,0.2921,0.0076367532368147,0.2867,0.2921,0.2975,0.2948,0.1507,0.00197989898732235,0.1493,0.1507,0.1521,0.1514,0.72,0.113137084989848,0.64,0.72,0.8,0.76,0.3375,0.0883883476483184,0.275,0.3375,0.4,0.36875,5.44,3.67695526217005,58.0915542285419,73.150700687765,365,0,1,0,0,0,0.5,0.5,0,0,0.5,0.5,0,0,1,0,0,0,"After","After",0.305383870625003
"GZ10",23,"GZ",10,5,5,0,5,5,5,5,837.292510023144,660.54463174249,370.216921641659,837.292510023144,1304.36809840463,1070.83030421389,NA,NA,NA,NA,NA,NA,902.49340472373,87.9992882242067,840.268511280804,902.49340472373,964.718298166656,933.605851445193,29.0457771142709,0,29.0457771142709,29.0457771142709,29.0457771142709,29.0457771142709,3698.3736876846,836.714449405468,3106.72722659322,3698.3736876846,4290.02014877597,3994.19691823028,3698.3736876846,836.714449405468,3106.72722659322,3698.3736876846,4290.02014877597,3994.19691823028,0.2831,0.0213546247918337,0.268,0.2831,0.2982,0.29065,0.15075,0.0118086832458153,0.1424,0.15075,0.1591,0.154925,0.6,0.113137084989848,0.52,0.6,0.68,0.64,0.394736842105263,0.148864585512958,0.289473684210526,0.394736842105263,0.5,0.447368421052632,9.84,6.27910821693654,4.93380323584875,4.72666065982481,365,0.5,0,0.5,0,0,0.5,0.5,0,0,1,0,0,0,0.5,0.5,0,0,"After","After",0.305383870625003
"PZ11",26,"PZ",15,4,5,1,4,5,6,5.5,1762.44901070888,1291.47534160825,1016.81537457959,1016.81537457959,3253.71628296745,2135.26582877352,NA,NA,NA,NA,NA,NA,1013.63502477871,629.092872970576,291.357239502092,1307.73703581965,1441.81079901439,1374.77391741702,19.735212943395,6.61594674506153,15.9154943091895,15.9154943091895,27.374650211806,21.6450722604977,3312.58743891262,1792.15646458175,1252.24006137851,4175.2758851704,4510.24637018896,4342.76112767968,4342.76112767968,236.859901453971,4175.2758851704,4342.76112767968,4510.24637018896,4426.50374893432,0.300433333333333,0.0157424055764465,0.2886,0.2944,0.3183,0.30635,0.1711,0.00292061637330205,0.1684,0.1707,0.1742,0.17245,0.666666666666667,0.100664459136943,0.56,0.68,0.76,0.72,0.379806763285024,0.0469979539284207,0.326086956521739,0.4,0.413333333333333,0.406666666666667,7.57333333333333,4.12646741576052,2.44037579407573,1.20510177946658,544,0,0.666666666666667,0.333333333333333,0,0,0.666666666666667,0.333333333333333,0,0,0.666666666666667,0,0.333333333333333,0.333333333333333,0,0.666666666666667,0,0.333333333333333,"After","After",0.298423328750004
"CT9",26,"Cattle",544,2,272,101.823376490863,200,272,344,308,NA,NA,NA,NA,NA,NA,NA,NA,NA,NA,NA,NA,NA,NA,NA,NA,NA,NA,21.6450722604977,8.10284684541398,15.9154943091895,21.6450722604977,27.374650211806,24.5098612361519,2923.86505497929,2453.20753187667,1189.18537353138,2923.86505497929,4658.5447364272,3791.20489570325,4658.5447364272,NA,4658.5447364272,4658.5447364272,4658.5447364272,4658.5447364272,0.30125,0.00770746391493334,0.2958,0.30125,0.3067,0.303975,0.1792,0.00395979797464466,0.1764,0.1792,0.182,0.1806,0.68,0,0.68,0.68,0.68,0.68,0.486882716049383,0.0774762059633409,0.432098765432099,0.486882716049383,0.541666666666667,0.514274691358025,10.06,3.76180807591243,86.5802890419911,32.4113873816558,544,0,1,0,0,0,1,0,0,0,0.5,0.5,0,0.5,0,0.5,0,0,"After","After",0.298423328750004
"GZ11",26,"GZ",8,4,8,NA,8,8,8,8,1016.81537457959,NA,1016.81537457959,1016.81537457959,1016.81537457959,1016.81537457959,NA,NA,NA,NA,NA,NA,291.357239502092,NA,291.357239502092,291.357239502092,291.357239502092,291.357239502092,15.9154943091895,NA,15.9154943091895,15.9154943091895,15.9154943091895,15.9154943091895,4510.24637018896,NA,4510.24637018896,4510.24637018896,4510.24637018896,4510.24637018896,4510.24637018896,NA,4510.24637018896,4510.24637018896,4510.24637018896,4510.24637018896,0.2886,NA,0.2886,0.2886,0.2886,0.2886,0.1684,NA,0.1684,0.1684,0.1684,0.1684,0.76,NA,0.76,0.76,0.76,0.76,0.413333333333333,NA,0.413333333333333,0.413333333333333,0.413333333333333,0.413333333333333,12.32,NA,3.81971863420549,NA,544,0,1,0,0,0,1,0,0,0,1,0,0,0,0,1,0,1,"After","After",0.298423328750004
"PZ12",27,"PZ",110,15,8.46153846153846,6.27980074810479,2,6,24,10,881.696630028555,309.572540852289,201.189864481016,861.610992644756,1453.60261045639,955.938232484436,NA,NA,NA,NA,NA,NA,1002.03097723936,378.866429490612,436.85200597342,1098.21689457794,1576.39496730815,1231.36070847084,22.7652782061061,18.3032930753593,8.3556345123245,16.711269024649,64.2190195375798,27.6133826264438,2645.06978249767,991.408565256526,914.135280489274,2836.93583446282,4046.91538197865,3162.55894378083,2774.97911993694,492.095719474019,1925.81979796533,2964.08197044406,3162.55894378083,3140.84292160454,0.315507692307692,0.0248902076306614,0.2647,0.3214,0.3508,0.3298,0.155030769230769,0.0195240187382697,0.131,0.15,0.1867,0.1739,0.777763485121345,0.0945069370927832,0.6,0.833333333333333,0.88,0.846153846153846,0.392124443816163,0.0929174779665733,0.258278145695364,0.397260273972603,0.525641025641026,0.459016393442623,8.85246462567533,7.47735610153924,5.09295817894065,2.63768609645662,2146,0,0.230769230769231,0.384615384615385,0,0.307692307692308,0.461538461538462,0.384615384615385,0.0769230769230769,0,0.230769230769231,0.384615384615385,0.384615384615385,0.384615384615385,0.384615384615385,0.230769230769231,0,0.0769230769230769,"After","After",0.296103148125004
"CT10",27,"Cattle",2146,29,74,95.0458535955898,2,42,400,80,NA,NA,NA,NA,NA,NA,NA,NA,NA,NA,NA,NA,NA,NA,NA,NA,NA,NA,22.8305021814581,21.3467358833122,3.3422538049298,13.9260575205408,81.1690209768666,32.2288759761088,3427.96754927523,1506.47386049034,853.262135701668,3089.42849633008,6071.09575348253,4710.50198670788,2413.22497004314,971.600436351435,853.262135701668,2377.29736622595,4710.50198670788,2945.59196087985,0.310710344827586,0.0265110939692853,0.2666,0.3107,0.3603,0.3307,0.156913793103448,0.0175166191319218,0.1274,0.1531,0.1916,0.1649,0.80230074523178,0.0861163926238077,0.56,0.846153846153846,0.964285714285714,0.846153846153846,0.468659735824893,0.0961353284074932,0.175,0.506849315068493,0.541666666666667,0.525641025641026,7.09504357711254,2.91332502399776,49.0526510812193,45.647421741596,2146,0,0.862068965517241,0.103448275862069,0,0.0344827586206897,0.517241379310345,0.344827586206897,0.0344827586206897,0.0344827586206897,0.448275862068966,0.241379310344828,0.310344827586207,0.517241379310345,0.379310344827586,0.0344827586206897,0.0689655172413793,0,"After","After",0.296103148125004
"GZ12",27,"GZ",10,15,5,4.24264068711928,2,5,8,6.5,433.921929159132,329.132842266884,201.189864481016,433.921929159132,666.653993837248,550.28796149819,NA,NA,NA,NA,NA,NA,1042.95322462167,754.400547243159,509.51148193519,1042.95322462167,1576.39496730815,1309.67409596491,47.5077505129307,23.6333032991241,30.7964814882817,47.5077505129307,64.2190195375798,55.8633850252553,1912.79263292649,1666.55942900358,734.357159427679,1912.79263292649,3091.2281064253,2502.01036967589,1912.79263292649,1666.55942900358,734.357159427679,1912.79263292649,3091.2281064253,2502.01036967589,0.3125,0.0239002092041053,0.2956,0.3125,0.3294,0.32095,0.1781,0.0121622366364086,0.1695,0.1781,0.1867,0.1824,0.76,0.169705627484771,0.64,0.76,0.88,0.82,0.429508196721312,0.041730892004452,0.4,0.429508196721312,0.459016393442623,0.444262295081967,7.54,0.707106781186547,5.09295817894066,2.70094894847132,2146,0.5,0,0,0,0,1,0,0,0,0,0.5,0.5,0,1,0,0,0.5,"After","After",0.296103148125004
"PZ13",29,"PZ",67,11,8.375,4.13823633931171,4,7,15,11.5,1297.98704742453,851.052973928176,339.301613250439,1381.69806625957,2327.27050884738,1936.84372143781,NA,NA,NA,NA,NA,NA,1173.80890631677,913.385796316127,188.903630865565,926.767513281693,3071.2233676441,1472.822270234,33.5816929923899,30.5498139799866,0,25.7831007808871,75.5985979686503,57.6936668708121,3746.93397395629,1637.3441736397,1912.30776811684,3883.85680541907,6456.34797353392,4490.55626458364,2599.4082697639,1082.62708345062,1912.30776811684,2141.2546671174,4202.81597670397,2779.20906674924,0.2969375,0.0279519964786571,0.2647,0.29925,0.3412,0.3112,0.1574875,0.0166229134028906,0.1321,0.1535,0.1812,0.1708,0.686666666666667,0.112405162848157,0.48,0.68,0.833333333333333,0.718333333333333,0.38529421960451,0.105871239009643,0.258278145695364,0.37004662004662,0.541666666666667,0.463028169014085,14.8710416666667,11.858598412106,3.74014116265954,2.05409434446499,1488,0.25,0.25,0.375,0,0.125,0.5,0.375,0,0.125,0.375,0.375,0.25,0.625,0.375,0,0,0.125,"After","After",0.291462786875004
"CT11",29,"Cattle",1488,11,135.272727272727,95.4149788126486,4,118,300,210,NA,NA,NA,NA,NA,NA,NA,NA,NA,NA,NA,NA,NA,NA,NA,NA,NA,NA,25.2043555332802,19.0677681967523,3.58098621956765,21.0880299596761,51.725356504866,39.7887357729739,3215.61858160988,1680.80700465912,271.271082130035,2925.46587569596,5219.11803173117,4620.82772732286,2668.8614067595,1182.62393698933,1392.58695450907,2857.98505759133,4410.59674997954,2925.46587569596,0.312081818181818,0.0259722089234558,0.2793,0.3124,0.369,0.318,0.1662,0.0173604147415896,0.1287,0.1734,0.1883,0.17675,0.790238095238095,0.119845541496691,0.6,0.84,0.964285714285714,0.846153846153846,0.493802692604723,0.105539674538477,0.292307692307692,0.5,0.74,0.516245170354759,9.756665001665,4.43599149374465,90.8051293495214,82.7507868088703,1488,0,0.727272727272727,0.272727272727273,0,0,0.363636363636364,0.454545454545455,0.0909090909090909,0,0.363636363636364,0.272727272727273,0.363636363636364,0.272727272727273,0.636363636363636,0.0909090909090909,0,0,"After","After",0.291462786875004
"GZ13",29,"GZ",14,11,4.66666666666667,4.72581562625261,1,3,10,6.5,1264.96764909467,939.924703481832,541.220986057359,926.411452379278,2327.27050884738,1626.84098061333,NA,NA,NA,NA,NA,NA,1675.78292193327,1211.25355930191,896.241816796495,1059.8835813592,3071.2233676441,2065.55347450165,26.5258238486492,25.8881712879495,0,27.8521150410817,51.725356504866,39.7887357729739,4419.56840388064,2656.52337816348,1414.78409700876,5387.57314109925,6456.34797353392,5921.96055731658,3401.17861905401,2809.18607330001,1414.78409700876,3401.17861905401,5387.57314109925,4394.37588007663,0.326233333333333,0.0176975516197392,0.3067,0.3308,0.3412,0.336,0.186366666666667,0.00886246767742108,0.1812,0.1813,0.1966,0.18895,0.666666666666667,0.180369990112916,0.48,0.68,0.84,0.76,0.441773504273504,0.0978264426180436,0.346153846153846,0.4375,0.541666666666667,0.489583333333333,12,10.4122235857669,5.62347465591364,1.50427383411805,1488,0.666666666666667,0.333333333333333,0,0,0,0.333333333333333,0.333333333333333,0.333333333333333,0,0.333333333333333,0,0.666666666666667,0.333333333333333,0.666666666666667,0,0,0.333333333333333,"After","After",0.291462786875004
"PZ14",33,"PZ",66,12,6,1.61245154965971,3,6,8,7,905.070916997261,764.842529761145,314.993002549495,813.024861219168,2950.03972445637,984.09483379801,NA,NA,NA,NA,NA,NA,551.156963657186,444.097590068381,91.1442003661817,433.446883805259,1713.53494826292,570.551306567708,32.5761231246729,26.4246163367319,6.76408508140555,20.8492975450383,74.6436683100989,54.749300423612,3880.67342143786,1742.27360878684,1442.28897058366,4059.49336982019,6165.11281028949,5419.29999879757,2509.03802913495,844.033103007657,1442.28897058366,2697.29980247124,3199.26354101366,3179.30741432695,0.3153,0.0147731513225852,0.2942,0.3142,0.3358,0.3257,0.1702,0.0233057932712019,0.122,0.1782,0.1916,0.18415,0.723694638694639,0.12190797472028,0.48,0.708333333333333,0.846153846153846,0.84,0.374278233439353,0.112306982382409,0.175,0.391304347826087,0.525641025641026,0.457638888888889,9.17120046620047,6.44329218610373,3.96440494610721,1.61909090273774,2136,0.181818181818182,0.454545454545455,0.363636363636364,0,0,0.454545454545455,0.363636363636364,0.0909090909090909,0,0.454545454545455,0.272727272727273,0.272727272727273,0.636363636363636,0.272727272727273,0.0909090909090909,0,0,"After","After",0.282182064375005
"CT12",33,"Cattle",2136,23,92.8695652173913,78.8711863206111,3,60,220,165,NA,NA,NA,NA,NA,NA,NA,NA,NA,NA,NA,NA,NA,NA,NA,NA,NA,NA,28.0078100941064,26.0541516038701,4.37676093502712,19.0985931710274,74.6436683100989,35.6507072525846,3771.22667034955,1586.92819902848,549.91469278042,3796.40926311927,6095.63842640452,5121.42032287834,2475.36191982094,1048.20482050798,549.91469278042,2856.17946486772,3796.40926311927,3158.73771903139,0.312760869565217,0.0263537601100253,0.2549,0.3124,0.3602,0.33125,0.160860869565217,0.0223970927320009,0.1287,0.1582,0.1964,0.1842,0.749336677814939,0.103560462380671,0.52,0.791666666666667,0.846153846153846,0.846153846153846,0.422950757331147,0.131178561210978,0.175,0.452054794520548,0.615384615384615,0.516245170354759,8.50658862876254,5.23981563897027,62.1673047277212,61.827803246582,2136,0,0.956521739130435,0,0,0.0434782608695652,0.739130434782609,0.260869565217391,0,0,0.434782608695652,0.217391304347826,0.347826086956522,0.565217391304348,0.391304347826087,0.0434782608695652,0,0,"After","After",0.282182064375005
"GZ14",33,"GZ",8,12,8,NA,8,8,8,8,1433.3122397506,NA,1433.3122397506,1433.3122397506,1433.3122397506,1433.3122397506,NA,NA,NA,NA,NA,NA,653.18993333002,NA,653.18993333002,653.18993333002,653.18993333002,653.18993333002,19.0985931710274,NA,19.0985931710274,19.0985931710274,19.0985931710274,19.0985931710274,3642.15904724898,NA,3642.15904724898,3642.15904724898,3642.15904724898,3642.15904724898,3642.15904724898,NA,3642.15904724898,3642.15904724898,3642.15904724898,3642.15904724898,0.2804,NA,0.2804,0.2804,0.2804,0.2804,0.1592,NA,0.1592,0.1592,0.1592,0.1592,0.56,NA,0.56,0.56,0.56,0.56,0.194029850746269,NA,0.194029850746269,0.194029850746269,0.194029850746269,0.194029850746269,7.68,NA,2.54647908947033,NA,2136,0,0,0,0,1,0,1,0,0,1,0,0,1,0,0,0,0,"After","After",0.282182064375005
"PZ15",36,"PZ",100,12,10,6.16441400296898,3,8,21,13.5,1097.69756216883,955.199656292322,575.057714696006,756.831431604869,3684.90156425256,1187.69948881245,NA,NA,NA,NA,NA,NA,1038.98386332403,1217.90984898891,0,638.367109008783,4211.35850946833,1123.98375432453,11.212465740824,6.57353052807481,0,9.78802900015154,22.838734333687,14.8014097075463,2969.06235452617,1641.25454005996,772.564998041608,2623.57934326398,6287.70046970363,4028.95598412717,2530.35133736263,1070.29344175268,1405.65233938158,2500.56053325665,3714.63194355564,3268.6368798892,0.31953,0.0286062949560252,0.2537,0.323,0.3508,0.337575,0.15904,0.0183287994393765,0.1342,0.1608,0.1812,0.17425,0.729230769230769,0.13686064071525,0.48,0.8,0.846153846153846,0.84,0.355207076028994,0.0921426779357621,0.269230769230769,0.316666666666666,0.525641025641026,0.381993006993007,6.07769230769231,1.60772841737553,7.73493023426612,5.46828427157117,1351,0.2,0.5,0.2,0,0.1,0.1,0.8,0,0.1,0.4,0.2,0.4,0.8,0.2,0,0,0.1,"Not in experiment","After",0.275221522500005
"CT13",35,"Cattle",1351,23,58.7391304347826,77.8583897454535,3,25,300,60.5,NA,NA,NA,NA,NA,NA,NA,NA,NA,NA,NA,NA,NA,NA,NA,NA,NA,NA,14.4139020200182,11.1072929704137,3.18309886183791,10.4246487725191,39.7887357729738,15.9552830449625,3525.43828488193,1995.90656664715,1399.95882680691,3468.72491461275,10815.451857843,4513.94989709385,3422.87430076472,982.15898426566,1881.14920784625,3468.72491461275,4545.84954814199,4205.58259935529,0.305173913043478,0.0267278747478648,0.2537,0.3012,0.3507,0.3296,0.152839130434783,0.0154811539131362,0.1116,0.1537,0.1804,0.16025,0.778327759197324,0.108732155621784,0.6,0.846153846153846,1,0.846153846153846,0.430961194506857,0.104283788006887,0.215384615384615,0.481481481481481,0.541095890410959,0.525641025641026,6.40705128205128,3.02669860250383,40.6052698288366,49.2755280532072,1351,0,1,0,0,0,0.652173913043478,0.260869565217391,0.0869565217391304,0,0.521739130434783,0.260869565217391,0.217391304347826,0.565217391304348,0.391304347826087,0,0,0,"Not in experiment","After",0.277541703125005
"GZ15",36,"GZ",5,12,2.5,2.12132034355964,1,2.5,4,3.25,797.257021667983,NA,797.257021667983,797.257021667983,797.257021667983,797.257021667983,NA,NA,NA,NA,NA,NA,728.287879156737,212.021035963874,578.366366872485,728.287879156737,878.209391440989,803.248635298863,26.0616219312979,25.3776661616785,8.11690209768666,26.0616219312979,44.0063417649091,35.0339818481035,2586.25351401762,649.218333596478,2127.18682786092,2586.25351401762,3045.32020017432,2815.78685709597,NA,NA,NA,NA,NA,NA,0.3213,0.00353553390593274,0.3188,0.3213,0.3238,0.32255,0.146,0.00905096679918781,0.1396,0.146,0.1524,0.1492,0.64,0,0.64,0.64,0.64,0.64,0.393939393939394,0,0.393939393939394,0.393939393939394,0.393939393939394,0.393939393939394,4.4,0,7.1619724391353,9.6784003986889,1351,0.5,0,0.5,0,0,0,0.5,0,0.5,0.5,0,0.5,1,0,0,0,0.5,"Not in experiment","After",0.275221522500005
"PZ16",37,"PZ",45,6,9,5,4,8,17,10,1260.70096525612,661.332321663712,728.547368416788,1125.0305925647,2332.22305984579,1389.15643703652,NA,NA,NA,NA,NA,NA,1578.79212636499,567.497124649137,790.219806117712,1649.5320337935,2358.34165848551,1708.80546099681,23.8891569580935,30.360416717595,0,3.42183127647575,60.3993009033743,53.6352158219687,5800.5640611246,1018.23700170471,4103.37815537438,6113.19435739152,6788.12884171283,6238.81311034081,5325.29278452312,1072.900643694,4103.37815537438,5759.30584080345,6113.19435739152,5936.25009909748,0.31352,0.00951929619247138,0.2981,0.315,0.3238,0.3176,0.15636,0.0206577588329422,0.1342,0.1567,0.1858,0.1652,0.693333333333333,0.227644947719518,0.48,0.666666666666667,1,0.84,0.429130211493225,0.0843466889270601,0.346153846153846,0.4375,0.541095890410959,0.474747474747475,11.9393333333333,8.84099735135502,4.96563422446714,2.85238339752561,1102,0.4,0.4,0,0,0.2,0,0.6,0.2,0.2,0.4,0,0.6,0.4,0.2,0.4,0,0.2,"Not in experiment","After",0.272901341875005
"CT14",37,"Cattle",1102,7,157.428571428571,131.455768407549,18,140,389,210,NA,NA,NA,NA,NA,NA,NA,NA,NA,NA,NA,NA,NA,NA,NA,NA,NA,NA,55.4541294573047,33.7045251847491,1.43239448782706,75.1211331393746,75.1211331393746,75.1211331393746,3493.15816529709,1671.5566619135,159.645618093403,4318.80316734072,4981.54808115855,4484.46201764101,4336.70789004521,572.832875256274,3414.26416644477,4454.08461589045,4981.54808115855,4514.83941939157,0.296785714285714,0.0299407430642276,0.2765,0.2877,0.3602,0.2996,0.1604,0.0110816665413345,0.1462,0.1579,0.1776,0.1678,0.779047619047619,0.0950187951332335,0.64,0.833333333333333,0.84,0.833333333333333,0.473395940443996,0.0585018272072152,0.393939393939394,0.507246376811594,0.521739130434783,0.521739130434783,8.55595238095238,2.89412541275631,131.416510153022,123.076268407356,1102,0,1,0,0,0,0.285714285714286,0.714285714285714,0,0,0.714285714285714,0.142857142857143,0.142857142857143,0.428571428571429,0,0.571428571428571,0,0,"Not in experiment","After",0.272901341875005
"GZ16",37,"GZ",10,6,10,NA,10,10,10,10,2332.22305984579,NA,2332.22305984579,2332.22305984579,2332.22305984579,2332.22305984579,NA,NA,NA,NA,NA,NA,1387.06167243141,NA,1387.06167243141,1387.06167243141,1387.06167243141,1387.06167243141,3.42183127647575,NA,3.42183127647575,3.42183127647575,3.42183127647575,3.42183127647575,4103.37815537438,NA,4103.37815537438,4103.37815537438,4103.37815537438,4103.37815537438,4103.37815537438,NA,4103.37815537438,4103.37815537438,4103.37815537438,4103.37815537438,0.2981,NA,0.2981,0.2981,0.2981,0.2981,0.1342,NA,0.1342,0.1342,0.1342,0.1342,1,NA,1,1,1,1,0.541095890410959,NA,0.541095890410959,0.541095890410959,0.541095890410959,0.541095890410959,18.7083333333333,NA,6.36619772367581,NA,1102,1,0,0,0,0,0,0,1,0,0,0,1,0,1,0,0,1,"Not in experiment","After",0.272901341875005
"PZ17",40,"PZ",122,14,15.25,11.2725963544974,6,12,39,18.5,737.375055916363,749.91897661683,186.742234242391,492.391587439933,2352.07626437114,763.712472101987,NA,NA,NA,NA,NA,NA,996.387585442385,397.800367261694,381.752192550576,1016.17701199357,1629.0537277408,1237.96604998368,8.35563451232449,5.13188761759303,1.90985931710274,6.36619772367581,15.9154943091895,11.1408460164327,3575.94275176052,1279.30055546343,1520.05311400915,3833.2805215791,5784.4625894529,4060.59855965641,3114.29275132114,1137.10242869336,1520.05311400915,3452.12017375542,4032.87754376458,3870.49541960179,0.313725,0.0425306528114891,0.2505,0.3078,0.3973,0.32785,0.1487625,0.0342769367484485,0.1206,0.12985,0.2211,0.162025,0.847307692307692,0.125405850018789,0.6,0.846153846153846,1,0.884615384615385,0.438061648457286,0.125010589816939,0.269230769230769,0.516245170354759,0.541095890410959,0.529504741833509,10.6080448717949,6.30149623116116,14.8014097075463,7.97863724184777,271,0,0.375,0.25,0,0.25,0.5,0.5,0,0,0.25,0.125,0.625,0.75,0.125,0,0,0.125,"Not in experiment","After",0.265940800000006
"CT15",40,"Cattle",271,9,45.1666666666667,44.7991815401427,7,24.5,120,66.25,NA,NA,NA,NA,NA,NA,NA,NA,NA,NA,NA,NA,NA,NA,NA,NA,NA,NA,5.63231659719651,6.00622502055075,1.19366207318922,4.45633840657307,15.9154943091895,4.45633840657307,3599.43302471723,1129.01450885678,1983.74320663358,3671.92566373445,5078.35489362003,4641.69637071205,3308.92275154812,1286.93225583421,1983.74320663358,3158.93034080667,4934.08711794557,3987.46602728723,0.3034,0.0240472451644674,0.2747,0.3106,0.3372,0.3126,0.155733333333333,0.0149971663990235,0.1308,0.1557,0.1843,0.1632,0.767863247863248,0.118192612942219,0.56,0.846153846153846,0.846153846153846,0.846153846153846,0.443470959456954,0.107655444863666,0.194029850746269,0.506849315068493,0.525641025641026,0.506849315068493,7.98888888888889,6.06149388785729,10.7164328348543,13.0507053335354,271,0,1,0,0,0,0.444444444444444,0.444444444444444,0,0.111111111111111,0.555555555555556,0.444444444444444,0,0.777777777777778,0.111111111111111,0.111111111111111,0,0,"Not in experiment","After",0.265940800000006
"GZ17",40,"GZ",15,14,2.5,1.6431676725155,1,2,5,3.5,832.026631843432,849.366550171328,271.409180052391,375.819353478032,2352.07626437114,1098.94522986871,NA,NA,NA,NA,NA,NA,621.524686695721,328.899811305859,218.370041424391,605.847139887884,1074.2694197345,829.277200059914,9.35035290664884,5.45549855077781,3.89929610575144,7.95774715459476,15.9154943091895,14.3239448782706,3469.38926376875,1146.58865999834,2371.95381373749,3500.54510550805,5510.98264054104,3550.93759214779,3129.40857588641,651.289433858975,2379.44992801239,3455.91681034136,3552.85898930547,3504.38789982341,0.30395,0.0136667113820407,0.2952,0.30045,0.3313,0.301,0.139433333333333,0.0150381736479756,0.1252,0.137,0.1584,0.151325,0.718440170940171,0.126329365512692,0.56,0.729166666666667,0.846153846153846,0.832532051282051,0.406041850734336,0.139385751937946,0.194029850746269,0.47025007185973,0.525641025641026,0.502585965893206,8.0092094017094,3.3467530089531,11.4591559026164,7.62616282351103,271,0,0.666666666666667,0.166666666666667,0,0.166666666666667,0.666666666666667,0.333333333333333,0,0,0.666666666666667,0.166666666666667,0.166666666666667,0.5,0.5,0,0,0.166666666666667,"Not in experiment","After",0.265940800000006
"PZ18",41,"PZ",43,7,7.16666666666667,2.92688685580203,3,7.5,10,9.75,890.449498295152,974.414156383829,207.989617895508,323.515224949258,2299.70503055395,1565.86551138289,NA,NA,NA,NA,NA,NA,1019.60445499042,881.672094948373,0,816.448245455335,2176.59176791093,1717.35230070066,20.2922552442166,23.2701181954136,0,13.9260575205408,57.2957795130823,33.2235943704331,4238.66397808048,876.501758153696,3548.51604750075,4052.10718066836,5952.28692990205,4155.06070128162,3548.51604750075,NA,3548.51604750075,3548.51604750075,3548.51604750075,3548.51604750075,0.296833333333333,0.0188804307860458,0.2789,0.2962,0.3312,0.2981,0.15825,0.0230364710839139,0.1342,0.1574,0.1943,0.1688,0.849173789173789,0.163170489263497,0.56,0.867521367521368,1,0.972222222222222,0.444082372692764,0.155850278289387,0.194029850746269,0.533368458025993,0.56,0.541095890410959,13.0577825261159,5.67316932555337,3.76666698650819,1.03471115477736,1105,0.166666666666667,0.5,0.166666666666667,0,0.166666666666667,0.5,0.333333333333333,0,0.166666666666667,1,0,0,0.333333333333333,0.333333333333333,0.333333333333333,0,0,"Not in experiment","After",0.263620619375006
"CT16",41,"Cattle",1105,12,110.5,85.0349601307865,16,110,250,170,NA,NA,NA,NA,NA,NA,NA,NA,NA,NA,NA,NA,NA,NA,NA,NA,NA,NA,24.4767039563411,25.3680166495801,0,13.9260575205408,57.2957795130823,57.2957795130823,3927.64039350505,1412.70363941424,1069.78630977217,4401.20350383767,5705.78787411465,4859.13884780679,3146.3169931157,1400.96066496284,1069.78630977217,3080.37534645055,4733.07849106356,4281.68372399248,0.307633333333333,0.0269873483265209,0.2761,0.30495,0.3523,0.322375,0.166425,0.0161954609241434,0.1396,0.1661,0.1883,0.178725,0.736634615384615,0.132583985886718,0.48,0.796666666666667,0.846153846153846,0.846153846153846,0.438575760160087,0.112664817453017,0.175,0.492313546423136,0.525641025641026,0.522714604236344,6.98251068376069,2.73498842142829,57.6406152231149,52.4653242671774,1105,0,1,0,0,0,0.666666666666667,0.333333333333333,0,0,0.666666666666667,0.166666666666667,0.166666666666667,0.0833333333333333,0.916666666666667,0,0,0,"Not in experiment","After",0.263620619375006
"GZ18",41,"GZ",2,7,2,NA,2,2,2,2,571.140731407471,NA,571.140731407471,571.140731407471,571.140731407471,571.140731407471,NA,NA,NA,NA,NA,NA,1479.17738597915,NA,1479.17738597915,1479.17738597915,1479.17738597915,1479.17738597915,27.0563403256222,NA,27.0563403256222,27.0563403256222,27.0563403256222,27.0563403256222,4201.49428620448,NA,4201.49428620448,4201.49428620448,4201.49428620448,4201.49428620448,4201.49428620448,NA,4201.49428620448,4201.49428620448,4201.49428620448,4201.49428620448,0.2965,NA,0.2965,0.2965,0.2965,0.2965,0.1242,NA,0.1242,0.1242,0.1242,0.1242,0.777777777777778,NA,0.777777777777778,0.777777777777778,0.777777777777778,0.777777777777778,0.533333333333333,NA,0.533333333333333,0.533333333333333,0.533333333333333,0.533333333333333,11.0740740740741,NA,3.18309886183791,NA,1105,0,0,0,0,1,0,1,0,0,1,0,0,1,0,0,0,0,"Not in experiment","After",0.263620619375006
